symbol,strategy,entry_time,exit_time,entry,stop_loss,target,exit_price,outcome,r_multiple,pnl_pct,candles_held
RELIANCE,VWAP_RETEST,2025-09-01 11:05:00+05:30,2025-09-01 11:05:00+05:30,1353.6,1351.8,1356.3,1351.8,STOP,-1.0,-0.13,0
RELIANCE,VWAP_BROAD_TEST,2025-09-01 11:05:00+05:30,2025-09-01 11:05:00+05:30,1353.6,1351.8,1356.3,1351.8,STOP,-1.0,-0.13,0
RELIANCE,VWAP_BROAD_TEST,2025-09-02 11:05:00+05:30,2025-09-02 11:05:00+05:30,1381.8,1380.5,1383.75,1383.75,TARGET,1.5,0.14,0
RELIANCE,VWAP_RETEST,2025-09-02 11:50:00+05:30,2025-09-02 12:00:00+05:30,1379.6,1378.4,1381.4,1378.4,STOP,-1.0,-0.09,2
RELIANCE,VWAP_BROAD_TEST,2025-09-03 11:05:00+05:30,2025-09-03 11:05:00+05:30,1367.0,1365.8,1368.8,1365.8,STOP,-1.0,-0.09,0
RELIANCE,VWAP_RETEST,2025-09-03 11:15:00+05:30,2025-09-03 11:15:00+05:30,1367.6,1366.7,1368.95,1366.7,STOP,-1.0,-0.07,0
RELIANCE,VWAP_BROAD_TEST,2025-09-04 11:35:00+05:30,2025-09-04 11:50:00+05:30,1364.9,1363.4,1367.15,1367.15,TARGET,1.5,0.16,3
RELIANCE,EMA_CROSS,2025-09-04 12:15:00+05:30,2025-09-04 12:15:00+05:30,1366.3,1363.9,1369.9,1363.9,STOP,-1.0,-0.18,0
RELIANCE,VWAP_BROAD_TEST,2025-09-05 11:15:00+05:30,2025-09-05 13:10:00+05:30,1365.6,1362.8,1369.8,1369.8,TARGET,1.5,0.31,23
RELIANCE,VWAP_RETEST,2025-09-05 11:55:00+05:30,2025-09-05 11:55:00+05:30,1366.7,1366.2,1367.45,1366.2,STOP,-1.0,-0.04,0
RELIANCE,VWAP_BROAD_TEST,2025-09-08 11:10:00+05:30,2025-09-08 12:05:00+05:30,1375.8,1374.6,1377.6,1377.6,TARGET,1.5,0.13,11
RELIANCE,VWAP_RETEST,2025-09-08 12:35:00+05:30,2025-09-08 12:35:00+05:30,1377.6,1376.7,1378.95,1378.95,TARGET,1.5,0.1,0
RELIANCE,VWAP_BROAD_TEST,2025-09-09 11:25:00+05:30,2025-09-09 11:25:00+05:30,1374.8,1373.1,1377.35,1373.1,STOP,-1.0,-0.12,0
RELIANCE,VWAP_RETEST,2025-09-09 14:15:00+05:30,2025-09-09 14:15:00+05:30,1377.4,1375.7,1379.95,1375.7,STOP,-1.0,-0.12,0
RELIANCE,EMA_CROSS,2025-09-09 15:10:00+05:30,2025-09-09 15:10:00+05:30,1376.2,1375.0,1378.0,1375.0,STOP,-1.0,-0.09,0
RELIANCE,VWAP_BROAD_TEST,2025-09-10 11:05:00+05:30,2025-09-10 11:05:00+05:30,1382.1,1381.5,1383.0,1381.5,STOP,-1.0,-0.04,0
TCS,VWAP_BROAD_TEST,2025-09-01 11:05:00+05:30,2025-09-01 12:40:00+05:30,3119.8,3115.5,3126.25,3115.5,STOP,-1.0,-0.14,19
TCS,VWAP_RETEST,2025-09-01 11:30:00+05:30,2025-09-01 11:45:00+05:30,3123.9,3121.5,3127.5,3121.5,STOP,-1.0,-0.08,3
TCS,EMA_CROSS,2025-09-01 13:30:00+05:30,2025-09-01 13:55:00+05:30,3120.1,3112.9,3130.9,3112.9,STOP,-1.0,-0.23,5
TCS,VWAP_BROAD_TEST,2025-09-02 11:05:00+05:30,2025-09-02 11:05:00+05:30,3134.0,3132.3,3136.55,3132.3,STOP,-1.0,-0.05,0
TCS,VWAP_BROAD_TEST,2025-09-03 15:20:00+05:30,2025-09-03 15:25:00+05:30,3101.5,3097.4,3107.65,3097.4,STOP,-1.0,-0.13,1
TCS,VWAP_BROAD_TEST,2025-09-04 11:50:00+05:30,2025-09-04 12:15:00+05:30,3105.0,3102.0,3109.5,3102.0,STOP,-1.0,-0.1,5
TCS,VWAP_BROAD_TEST,2025-09-05 13:50:00+05:30,2025-09-05 13:50:00+05:30,3050.0,3048.0,3053.0,3048.0,STOP,-1.0,-0.07,0
TCS,VWAP_BROAD_TEST,2025-09-08 12:40:00+05:30,2025-09-08 13:40:00+05:30,3029.0,3023.9,3036.65,3023.9,STOP,-1.0,-0.17,12
TCS,VWAP_BROAD_TEST,2025-09-09 11:05:00+05:30,2025-09-09 11:05:00+05:30,3052.9,3050.7,3056.2,3050.7,STOP,-1.0,-0.07,0
TCS,VWAP_RETEST,2025-09-09 11:25:00+05:30,2025-09-09 12:05:00+05:30,3052.0,3047.8,3058.3,3047.8,STOP,-1.0,-0.14,8
TCS,EMA_CROSS,2025-09-09 14:05:00+05:30,2025-09-09 15:25:00+05:30,3050.4,3042.1,3062.85,3052.0,EOD_SQUAREOFF,0.19,0.05,16
TCS,VWAP_BROAD_TEST,2025-09-10 11:05:00+05:30,2025-09-10 11:15:00+05:30,3117.7,3113.3,3124.3,3113.3,STOP,-1.0,-0.14,2
TCS,VWAP_RETEST,2025-09-10 11:55:00+05:30,2025-09-10 12:20:00+05:30,3107.5,3103.7,3113.2,3113.2,TARGET,1.5,0.18,5
TCS,EMA_CROSS,2025-09-10 14:50:00+05:30,2025-09-10 15:25:00+05:30,3110.2,3101.6,3123.1,3110.0,EOD_SQUAREOFF,-0.02,-0.01,7
HDFCBANK,VWAP_BROAD_TEST,2025-09-01 12:30:00+05:30,2025-09-01 13:15:00+05:30,950.4,949.45,951.82,951.82,TARGET,1.5,0.15,9
HDFCBANK,VWAP_RETEST,2025-09-01 13:30:00+05:30,2025-09-01 13:40:00+05:30,951.65,950.85,952.85,950.85,STOP,-1.0,-0.08,2
HDFCBANK,EMA_CROSS,2025-09-01 15:20:00+05:30,2025-09-01 15:25:00+05:30,951.0,949.95,952.58,950.8,EOD_SQUAREOFF,-0.19,-0.02,1
HDFCBANK,VWAP_RETEST,2025-09-02 11:05:00+05:30,2025-09-02 11:15:00+05:30,953.6,952.9,954.65,952.9,STOP,-1.0,-0.07,2
HDFCBANK,VWAP_BROAD_TEST,2025-09-02 11:05:00+05:30,2025-09-02 11:15:00+05:30,953.6,952.9,954.65,952.9,STOP,-1.0,-0.07,2
HDFCBANK,VWAP_BROAD_TEST,2025-09-03 11:10:00+05:30,2025-09-03 12:10:00+05:30,941.45,940.25,943.25,943.25,TARGET,1.5,0.19,12
HDFCBANK,VWAP_RETEST,2025-09-03 12:15:00+05:30,2025-09-03 12:50:00+05:30,943.5,942.5,945.0,942.5,STOP,-1.0,-0.11,7
HDFCBANK,VWAP_BROAD_TEST,2025-09-04 11:05:00+05:30,2025-09-04 11:05:00+05:30,960.0,959.55,960.68,960.68,TARGET,1.5,0.07,0
HDFCBANK,VWAP_RETEST,2025-09-04 11:20:00+05:30,2025-09-04 11:25:00+05:30,960.7,959.55,962.43,962.43,TARGET,1.5,0.18,1
HDFCBANK,EMA_CROSS,2025-09-04 14:45:00+05:30,2025-09-04 15:25:00+05:30,962.15,959.4,966.28,960.95,EOD_SQUAREOFF,-0.44,-0.12,8
HDFCBANK,VWAP_BROAD_TEST,2025-09-05 13:30:00+05:30,2025-09-05 13:35:00+05:30,958.15,957.45,959.2,959.2,TARGET,1.5,0.11,1
HDFCBANK,VWAP_RETEST,2025-09-05 15:25:00+05:30,2025-09-05 15:25:00+05:30,963.2,961.4,965.9,962.6,EOD_SQUAREOFF,-0.33,-0.06,0
HDFCBANK,VWAP_BROAD_TEST,2025-09-08 11:05:00+05:30,2025-09-08 11:05:00+05:30,963.7,963.4,964.15,963.4,STOP,-1.0,-0.03,0
HDFCBANK,VWAP_RETEST,2025-09-08 14:55:00+05:30,2025-09-08 15:00:00+05:30,969.0,965.65,974.03,965.65,STOP,-1.0,-0.35,1
HDFCBANK,VWAP_BROAD_TEST,2025-09-09 13:45:00+05:30,2025-09-09 13:50:00+05:30,968.45,967.75,969.5,967.75,STOP,-1.0,-0.07,1
HDFCBANK,VWAP_BROAD_TEST,2025-09-10 11:05:00+05:30,2025-09-10 11:10:00+05:30,967.9,967.35,968.72,967.35,STOP,-1.0,-0.06,1
INFY,VWAP_BROAD_TEST,2025-09-01 11:05:00+05:30,2025-09-01 11:10:00+05:30,1496.7,1495.5,1498.5,1498.5,TARGET,1.5,0.12,1
INFY,VWAP_RETEST,2025-09-01 11:10:00+05:30,2025-09-01 11:40:00+05:30,1497.1,1495.7,1499.2,1495.7,STOP,-1.0,-0.09,6
INFY,EMA_CROSS,2025-09-01 14:15:00+05:30,2025-09-01 15:25:00+05:30,1500.7,1494.3,1510.3,1500.6,EOD_SQUAREOFF,-0.02,-0.01,14
INFY,VWAP_BROAD_TEST,2025-09-02 11:05:00+05:30,2025-09-02 11:10:00+05:30,1497.9,1497.0,1499.25,1497.0,STOP,-1.0,-0.06,1
INFY,VWAP_RETEST,2025-09-02 11:35:00+05:30,2025-09-02 11:45:00+05:30,1499.2,1496.3,1503.55,1503.55,TARGET,1.5,0.29,2
INFY,VWAP_BROAD_TEST,2025-09-03 12:00:00+05:30,2025-09-03 12:35:00+05:30,1480.0,1478.1,1482.85,1478.1,STOP,-1.0,-0.13,7
INFY,VWAP_BROAD_TEST,2025-09-04 12:10:00+05:30,2025-09-04 12:10:00+05:30,1472.0,1470.4,1474.4,1470.4,STOP,-1.0,-0.11,0
INFY,VWAP_BROAD_TEST,2025-09-05 11:05:00+05:30,2025-09-05 11:05:00+05:30,1447.9,1443.9,1453.9,1443.9,STOP,-1.0,-0.28,0
INFY,VWAP_BROAD_TEST,2025-09-09 11:05:00+05:30,2025-09-09 11:15:00+05:30,1497.1,1495.3,1499.8,1495.3,STOP,-1.0,-0.12,2
INFY,VWAP_BROAD_TEST,2025-09-10 11:05:00+05:30,2025-09-10 11:05:00+05:30,1532.4,1531.5,1533.75,1533.75,TARGET,1.5,0.09,0
INFY,VWAP_RETEST,2025-09-10 11:55:00+05:30,2025-09-10 13:05:00+05:30,1527.5,1524.3,1532.3,1532.3,TARGET,1.5,0.31,14
INFY,EMA_CROSS,2025-09-10 14:10:00+05:30,2025-09-10 14:10:00+05:30,1531.2,1530.2,1532.7,1530.2,STOP,-1.0,-0.07,0
ICICIBANK,VWAP_BROAD_TEST,2025-09-01 11:05:00+05:30,2025-09-01 11:05:00+05:30,1406.6,1405.0,1409.0,1405.0,STOP,-1.0,-0.11,0
ICICIBANK,VWAP_RETEST,2025-09-01 11:30:00+05:30,2025-09-01 11:50:00+05:30,1406.1,1403.9,1409.4,1403.9,STOP,-1.0,-0.16,4
ICICIBANK,VWAP_BROAD_TEST,2025-09-02 11:05:00+05:30,2025-09-02 11:05:00+05:30,1410.0,1409.4,1410.9,1409.4,STOP,-1.0,-0.04,0
ICICIBANK,VWAP_RETEST,2025-09-02 11:10:00+05:30,2025-09-02 11:15:00+05:30,1410.8,1408.7,1413.95,1408.7,STOP,-1.0,-0.15,1
ICICIBANK,VWAP_BROAD_TEST,2025-09-03 11:05:00+05:30,2025-09-03 11:50:00+05:30,1391.0,1389.3,1393.55,1389.3,STOP,-1.0,-0.12,9
ICICIBANK,VWAP_RETEST,2025-09-03 11:15:00+05:30,2025-09-03 11:15:00+05:30,1391.1,1390.4,1392.15,1390.4,STOP,-1.0,-0.05,0
ICICIBANK,VWAP_RETEST,2025-09-04 11:05:00+05:30,2025-09-04 11:05:00+05:30,1409.2,1408.7,1409.95,1409.95,TARGET,1.5,0.05,0
ICICIBANK,VWAP_BROAD_TEST,2025-09-04 11:05:00+05:30,2025-09-04 11:05:00+05:30,1409.2,1408.7,1409.95,1409.95,TARGET,1.5,0.05,0
ICICIBANK,EMA_CROSS,2025-09-04 11:55:00+05:30,2025-09-04 12:20:00+05:30,1409.0,1406.6,1412.6,1406.6,STOP,-1.0,-0.17,5
ICICIBANK,VWAP_BROAD_TEST,2025-09-05 13:45:00+05:30,2025-09-05 13:45:00+05:30,1393.4,1392.8,1394.3,1394.3,TARGET,1.5,0.06,0
ICICIBANK,VWAP_RETEST,2025-09-05 14:15:00+05:30,2025-09-05 14:20:00+05:30,1397.2,1395.9,1399.15,1399.15,TARGET,1.5,0.14,1
ICICIBANK,VWAP_BROAD_TEST,2025-09-08 11:15:00+05:30,2025-09-08 11:15:00+05:30,1401.8,1400.5,1403.75,1400.5,STOP,-1.0,-0.09,0
ICICIBANK,VWAP_RETEST,2025-09-08 12:15:00+05:30,2025-09-08 12:15:00+05:30,1402.9,1402.1,1404.1,1402.1,STOP,-1.0,-0.06,0
ICICIBANK,EMA_CROSS,2025-09-08 12:40:00+05:30,2025-09-08 12:55:00+05:30,1402.8,1400.4,1406.4,1406.4,TARGET,1.5,0.26,3
ICICIBANK,VWAP_BROAD_TEST,2025-09-09 11:05:00+05:30,2025-09-09 11:05:00+05:30,1400.0,1399.7,1400.45,1399.7,STOP,-1.0,-0.02,0
ICICIBANK,VWAP_RETEST,2025-09-09 11:15:00+05:30,2025-09-09 11:15:00+05:30,1400.1,1399.2,1401.45,1399.2,STOP,-1.0,-0.06,0
ICICIBANK,EMA_CROSS,2025-09-09 15:15:00+05:30,2025-09-09 15:15:00+05:30,1403.9,1402.1,1406.6,1402.1,STOP,-1.0,-0.13,0
ICICIBANK,VWAP_BROAD_TEST,2025-09-10 11:05:00+05:30,2025-09-10 11:05:00+05:30,1410.0,1409.7,1410.45,1409.7,STOP,-1.0,-0.02,0
ICICIBANK,VWAP_RETEST,2025-09-10 11:10:00+05:30,2025-09-10 11:10:00+05:30,1411.1,1409.7,1413.2,1409.7,STOP,-1.0,-0.1,0
SBIN,VWAP_BROAD_TEST,2025-09-01 11:15:00+05:30,2025-09-01 11:45:00+05:30,804.85,803.7,806.58,803.7,STOP,-1.0,-0.14,6
SBIN,VWAP_RETEST,2025-09-01 13:55:00+05:30,2025-09-01 13:55:00+05:30,805.35,805.05,805.8,805.05,STOP,-1.0,-0.04,0
SBIN,VWAP_BROAD_TEST,2025-09-02 11:05:00+05:30,2025-09-02 11:05:00+05:30,809.45,809.4,809.53,809.4,STOP,-1.0,-0.01,0
SBIN,VWAP_RETEST,2025-09-02 12:30:00+05:30,2025-09-02 12:40:00+05:30,808.35,807.8,809.18,807.8,STOP,-1.0,-0.07,2
SBIN,VWAP_BROAD_TEST,2025-09-03 11:05:00+05:30,2025-09-03 11:05:00+05:30,809.75,809.45,810.2,809.45,STOP,-1.0,-0.04,0
SBIN,VWAP_RETEST,2025-09-03 11:10:00+05:30,2025-09-03 11:25:00+05:30,810.35,809.1,812.22,809.1,STOP,-1.0,-0.15,3
SBIN,VWAP_BROAD_TEST,2025-09-05 11:05:00+05:30,2025-09-05 11:25:00+05:30,808.95,808.05,810.3,808.05,STOP,-1.0,-0.11,4
SBIN,EMA_CROSS,2025-09-05 15:20:00+05:30,2025-09-05 15:25:00+05:30,807.3,805.35,810.22,806.95,EOD_SQUAREOFF,-0.18,-0.04,1
SBIN,VWAP_BROAD_TEST,2025-09-08 11:15:00+05:30,2025-09-08 11:50:00+05:30,809.85,808.9,811.28,808.9,STOP,-1.0,-0.12,7
SBIN,EMA_CROSS,2025-09-08 11:20:00+05:30,2025-09-08 11:50:00+05:30,810.85,808.7,814.08,808.7,STOP,-1.0,-0.27,6
SBIN,VWAP_RETEST,2025-09-08 13:10:00+05:30,2025-09-08 13:50:00+05:30,810.5,809.9,811.4,809.9,STOP,-1.0,-0.07,8
SBIN,VWAP_BROAD_TEST,2025-09-09 11:05:00+05:30,2025-09-09 11:05:00+05:30,808.0,807.7,808.45,807.7,STOP,-1.0,-0.04,0
SBIN,VWAP_RETEST,2025-09-09 11:20:00+05:30,2025-09-09 11:55:00+05:30,808.25,807.6,809.22,809.22,TARGET,1.5,0.12,7
SBIN,EMA_CROSS,2025-09-09 15:15:00+05:30,2025-09-09 15:25:00+05:30,808.95,807.65,810.9,807.65,STOP,-1.0,-0.16,2
SBIN,VWAP_BROAD_TEST,2025-09-10 11:05:00+05:30,2025-09-10 11:05:00+05:30,821.6,820.9,822.65,820.9,STOP,-1.0,-0.09,0
SBIN,VWAP_RETEST,2025-09-10 11:25:00+05:30,2025-09-10 11:25:00+05:30,819.8,818.85,821.22,818.85,STOP,-1.0,-0.12,0
TMPV,VWAP_BROAD_TEST,2025-09-01 11:05:00+05:30,2025-09-01 11:05:00+05:30,674.65,674.1,675.47,674.1,STOP,-1.0,-0.08,0
TMPV,VWAP_BROAD_TEST,2025-09-02 11:05:00+05:30,2025-09-02 11:05:00+05:30,693.65,693.15,694.4,694.4,TARGET,1.5,0.11,0
TMPV,VWAP_BROAD_TEST,2025-09-03 11:05:00+05:30,2025-09-03 11:15:00+05:30,688.35,687.1,690.22,687.1,STOP,-1.0,-0.18,2
TMPV,VWAP_RETEST,2025-09-03 11:20:00+05:30,2025-09-03 11:20:00+05:30,687.6,687.05,688.43,687.05,STOP,-1.0,-0.08,0
TMPV,EMA_CROSS,2025-09-03 11:40:00+05:30,2025-09-03 15:25:00+05:30,689.5,686.5,694.0,691.8,EOD_SQUAREOFF,0.77,0.33,45
TMPV,VWAP_BROAD_TEST,2025-09-05 11:05:00+05:30,2025-09-05 11:05:00+05:30,693.05,692.55,693.8,692.55,STOP,-1.0,-0.07,0
TMPV,VWAP_RETEST,2025-09-05 14:20:00+05:30,2025-09-05 14:35:00+05:30,690.8,689.95,692.07,689.95,STOP,-1.0,-0.12,3
TMPV,VWAP_BROAD_TEST,2025-09-08 11:05:00+05:30,2025-09-08 11:05:00+05:30,716.05,714.45,718.45,714.45,STOP,-1.0,-0.22,0
TMPV,VWAP_RETEST,2025-09-08 11:40:00+05:30,2025-09-08 11:40:00+05:30,711.8,711.2,712.7,712.7,TARGET,1.5,0.13,0
TMPV,VWAP_BROAD_TEST,2025-09-09 12:50:00+05:30,2025-09-09 12:55:00+05:30,716.5,715.65,717.78,715.65,STOP,-1.0,-0.12,1
TMPV,VWAP_BROAD_TEST,2025-09-10 11:05:00+05:30,2025-09-10 11:10:00+05:30,719.8,718.4,721.9,718.4,STOP,-1.0,-0.19,1
TMPV,VWAP_RETEST,2025-09-10 11:35:00+05:30,2025-09-10 11:35:00+05:30,716.2,715.55,717.18,715.55,STOP,-1.0,-0.09,0
AXISBANK,VWAP_RETEST,2025-09-01 11:05:00+05:30,2025-09-01 11:10:00+05:30,1058.0,1056.9,1059.65,1056.9,STOP,-1.0,-0.1,1
AXISBANK,VWAP_BROAD_TEST,2025-09-01 11:05:00+05:30,2025-09-01 11:10:00+05:30,1058.0,1056.9,1059.65,1056.9,STOP,-1.0,-0.1,1
AXISBANK,VWAP_BROAD_TEST,2025-09-02 11:15:00+05:30,2025-09-02 11:15:00+05:30,1058.5,1056.6,1061.35,1056.6,STOP,-1.0,-0.18,0
AXISBANK,VWAP_RETEST,2025-09-02 11:55:00+05:30,2025-09-02 11:55:00+05:30,1058.7,1058.6,1058.85,1058.6,STOP,-1.0,-0.01,0
AXISBANK,VWAP_BROAD_TEST,2025-09-03 15:25:00+05:30,2025-09-03 15:25:00+05:30,1055.6,1054.7,1056.95,1054.7,STOP,-1.0,-0.09,0
AXISBANK,VWAP_BROAD_TEST,2025-09-04 11:55:00+05:30,2025-09-04 12:20:00+05:30,1053.2,1050.8,1056.8,1050.8,STOP,-1.0,-0.23,5
AXISBANK,VWAP_BROAD_TEST,2025-09-05 11:35:00+05:30,2025-09-05 11:35:00+05:30,1050.8,1050.3,1051.55,1051.55,TARGET,1.5,0.07,0
AXISBANK,VWAP_RETEST,2025-09-05 12:10:00+05:30,2025-09-05 12:10:00+05:30,1053.4,1052.3,1055.05,1052.3,STOP,-1.0,-0.1,0
AXISBANK,VWAP_BROAD_TEST,2025-09-08 11:15:00+05:30,2025-09-08 11:20:00+05:30,1057.8,1056.6,1059.6,1056.6,STOP,-1.0,-0.11,1
AXISBANK,VWAP_RETEST,2025-09-08 12:25:00+05:30,2025-09-08 12:30:00+05:30,1059.3,1058.3,1060.8,1058.3,STOP,-1.0,-0.09,1
AXISBANK,EMA_CROSS,2025-09-08 14:35:00+05:30,2025-09-08 14:45:00+05:30,1059.5,1056.6,1063.85,1056.6,STOP,-1.0,-0.27,2
AXISBANK,VWAP_BROAD_TEST,2025-09-09 11:05:00+05:30,2025-09-09 11:10:00+05:30,1051.8,1050.9,1053.15,1053.15,TARGET,1.5,0.13,1
AXISBANK,EMA_CROSS,2025-09-09 14:15:00+05:30,2025-09-09 15:25:00+05:30,1052.0,1048.8,1056.8,1053.4,EOD_SQUAREOFF,0.44,0.13,14
AXISBANK,VWAP_RETEST,2025-09-09 14:40:00+05:30,2025-09-09 15:10:00+05:30,1053.1,1051.6,1055.35,1051.6,STOP,-1.0,-0.14,6
AXISBANK,VWAP_BROAD_TEST,2025-09-10 11:05:00+05:30,2025-09-10 11:05:00+05:30,1063.7,1063.0,1064.75,1064.75,TARGET,1.5,0.1,0
AXISBANK,VWAP_RETEST,2025-09-10 13:20:00+05:30,2025-09-10 13:20:00+05:30,1067.6,1067.1,1068.35,1068.35,TARGET,1.5,0.07,0
AXISBANK,EMA_CROSS,2025-09-10 14:50:00+05:30,2025-09-10 15:25:00+05:30,1069.5,1067.0,1073.25,1073.0,EOD_SQUAREOFF,1.4,0.33,7
ANTELOPUS,VWAP_BROAD_TEST,2025-09-01 11:05:00+05:30,2025-09-01 11:05:00+05:30,529.8,529.65,530.02,529.65,STOP,-1.0,-0.03,0
ANTELOPUS,VWAP_RETEST,2025-09-01 11:10:00+05:30,2025-09-01 12:45:00+05:30,530.25,528.0,533.62,533.62,TARGET,1.5,0.64,19
ANTELOPUS,EMA_CROSS,2025-09-01 11:35:00+05:30,2025-09-01 12:45:00+05:30,531.2,528.25,535.63,535.63,TARGET,1.5,0.83,14
ANTELOPUS,EMA_CROSS,2025-09-02 11:20:00+05:30,2025-09-02 12:50:00+05:30,563.0,559.9,567.65,559.9,STOP,-1.0,-0.55,18
ANTELOPUS,VWAP_RETEST,2025-09-02 11:20:00+05:30,2025-09-02 12:00:00+05:30,563.0,560.85,566.22,560.85,STOP,-1.0,-0.38,8
ANTELOPUS,VWAP_RETEST,2025-09-03 11:05:00+05:30,2025-09-03 11:10:00+05:30,563.65,562.1,565.97,565.97,TARGET,1.5,0.41,1
ANTELOPUS,VWAP_BROAD_TEST,2025-09-03 11:05:00+05:30,2025-09-03 11:10:00+05:30,563.65,562.1,565.97,565.97,TARGET,1.5,0.41,1
ANTELOPUS,EMA_CROSS,2025-09-03 13:45:00+05:30,2025-09-03 15:25:00+05:30,576.0,567.9,588.15,569.0,EOD_SQUAREOFF,-0.86,-1.22,20
ANTELOPUS,VWAP_BROAD_TEST,2025-09-05 11:05:00+05:30,2025-09-05 11:10:00+05:30,560.45,559.6,561.73,561.73,TARGET,1.5,0.23,1
ANTELOPUS,VWAP_RETEST,2025-09-05 12:00:00+05:30,2025-09-05 12:05:00+05:30,559.05,558.65,559.65,559.65,TARGET,1.5,0.11,1
ANTELOPUS,VWAP_BROAD_TEST,2025-09-08 11:05:00+05:30,2025-09-08 11:20:00+05:30,564.15,562.95,565.95,562.95,STOP,-1.0,-0.21,3
ANTELOPUS,VWAP_RETEST,2025-09-08 12:10:00+05:30,2025-09-08 15:25:00+05:30,566.0,563.95,569.07,564.3,EOD_SQUAREOFF,-0.83,-0.3,39
ANTELOPUS,VWAP_BROAD_TEST,2025-09-09 11:05:00+05:30,2025-09-09 11:50:00+05:30,567.0,565.65,569.03,565.65,STOP,-1.0,-0.24,9
ANTELOPUS,EMA_CROSS,2025-09-09 15:25:00+05:30,2025-09-09 15:25:00+05:30,563.8,560.75,568.37,560.75,STOP,-1.0,-0.54,0
ADANIENT,VWAP_BROAD_TEST,2025-09-01 11:05:00+05:30,2025-09-01 11:05:00+05:30,2270.4,2269.4,2271.9,2269.4,STOP,-1.0,-0.04,0
ADANIENT,VWAP_RETEST,2025-09-01 11:15:00+05:30,2025-09-01 11:20:00+05:30,2271.2,2270.0,2273.0,2273.0,TARGET,1.5,0.08,1
ADANIENT,VWAP_BROAD_TEST,2025-09-02 11:10:00+05:30,2025-09-02 11:20:00+05:30,2295.5,2292.4,2300.15,2292.4,STOP,-1.0,-0.14,2
ADANIENT,VWAP_BROAD_TEST,2025-09-03 11:40:00+05:30,2025-09-03 11:40:00+05:30,2272.7,2272.1,2273.6,2272.1,STOP,-1.0,-0.03,0
ADANIENT,VWAP_RETEST,2025-09-03 12:50:00+05:30,2025-09-03 12:50:00+05:30,2278.4,2277.0,2280.5,2277.0,STOP,-1.0,-0.06,0
ADANIENT,VWAP_BROAD_TEST,2025-09-05 13:15:00+05:30,2025-09-05 13:25:00+05:30,2266.8,2261.5,2274.75,2274.75,TARGET,1.5,0.35,2
ADANIENT,EMA_CROSS,2025-09-05 15:20:00+05:30,2025-09-05 15:25:00+05:30,2280.7,2277.4,2285.65,2285.65,TARGET,1.5,0.22,1
ADANIENT,VWAP_BROAD_TEST,2025-09-08 11:05:00+05:30,2025-09-08 11:10:00+05:30,2318.2,2315.3,2322.55,2322.55,TARGET,1.5,0.19,1
ADANIENT,VWAP_RETEST,2025-09-08 11:30:00+05:30,2025-09-08 11:50:00+05:30,2326.0,2320.0,2335.0,2320.0,STOP,-1.0,-0.26,4
ADANIENT,EMA_CROSS,2025-09-08 12:30:00+05:30,2025-09-08 13:40:00+05:30,2324.3,2319.8,2331.05,2319.8,STOP,-1.0,-0.19,14
ADANIENT,VWAP_BROAD_TEST,2025-09-09 11:15:00+05:30,2025-09-09 11:35:00+05:30,2315.0,2312.1,2319.35,2319.35,TARGET,1.5,0.19,4
ADANIENT,VWAP_RETEST,2025-09-09 11:50:00+05:30,2025-09-09 11:50:00+05:30,2319.0,2318.5,2319.75,2318.5,STOP,-1.0,-0.02,0
ADANIENT,VWAP_BROAD_TEST,2025-09-10 11:05:00+05:30,2025-09-10 11:10:00+05:30,2340.6,2336.5,2346.75,2336.5,STOP,-1.0,-0.18,1
ADANIENT,VWAP_RETEST,2025-09-10 11:25:00+05:30,2025-09-10 15:25:00+05:30,2337.8,2329.4,2350.4,2340.8,EOD_SQUAREOFF,0.36,0.13,48
ADANIENT,EMA_CROSS,2025-09-10 14:40:00+05:30,2025-09-10 14:40:00+05:30,2338.0,2334.1,2343.85,2334.1,STOP,-1.0,-0.17,0
ADANIPORTS,VWAP_BROAD_TEST,2025-09-01 11:05:00+05:30,2025-09-01 11:20:00+05:30,1332.4,1331.0,1334.5,1334.5,TARGET,1.5,0.16,3
ADANIPORTS,VWAP_RETEST,2025-09-01 13:35:00+05:30,2025-09-01 14:00:00+05:30,1331.2,1329.7,1333.45,1333.45,TARGET,1.5,0.17,5
ADANIPORTS,EMA_CROSS,2025-09-01 14:05:00+05:30,2025-09-01 15:25:00+05:30,1336.8,1330.0,1347.0,1334.0,EOD_SQUAREOFF,-0.41,-0.21,16
ADANIPORTS,VWAP_BROAD_TEST,2025-09-02 11:10:00+05:30,2025-09-02 11:20:00+05:30,1340.8,1339.1,1343.35,1339.1,STOP,-1.0,-0.13,2
ADANIPORTS,EMA_CROSS,2025-09-02 11:35:00+05:30,2025-09-02 13:20:00+05:30,1342.7,1338.5,1349.0,1338.5,STOP,-1.0,-0.31,21
ADANIPORTS,VWAP_RETEST,2025-09-02 11:50:00+05:30,2025-09-02 11:55:00+05:30,1343.4,1341.8,1345.8,1341.8,STOP,-1.0,-0.12,1
ADANIPORTS,VWAP_BROAD_TEST,2025-09-03 11:10:00+05:30,2025-09-03 11:15:00+05:30,1335.5,1333.9,1337.9,1333.9,STOP,-1.0,-0.12,1
ADANIPORTS,VWAP_RETEST,2025-09-03 12:50:00+05:30,2025-09-03 12:50:00+05:30,1337.1,1336.5,1338.0,1336.5,STOP,-1.0,-0.04,0
ADANIPORTS,VWAP_BROAD_TEST,2025-09-04 12:50:00+05:30,2025-09-04 12:50:00+05:30,1335.3,1334.8,1336.05,1334.8,STOP,-1.0,-0.04,0
ADANIPORTS,VWAP_BROAD_TEST,2025-09-05 13:20:00+05:30,2025-09-05 13:35:00+05:30,1323.4,1320.6,1327.6,1320.6,STOP,-1.0,-0.21,3
ADANIPORTS,VWAP_RETEST,2025-09-05 13:45:00+05:30,2025-09-05 13:45:00+05:30,1323.0,1321.9,1324.65,1324.65,TARGET,1.5,0.12,0
ADANIPORTS,VWAP_BROAD_TEST,2025-09-08 11:05:00+05:30,2025-09-08 11:15:00+05:30,1345.0,1343.7,1346.95,1346.95,TARGET,1.5,0.14,2
ADANIPORTS,VWAP_RETEST,2025-09-08 14:55:00+05:30,2025-09-08 14:55:00+05:30,1352.3,1350.8,1354.55,1350.8,STOP,-1.0,-0.11,0
ADANIPORTS,VWAP_BROAD_TEST,2025-09-09 11:05:00+05:30,2025-09-09 11:05:00+05:30,1370.3,1369.8,1371.05,1369.8,STOP,-1.0,-0.04,0
ADANIPORTS,EMA_CROSS,2025-09-09 11:40:00+05:30,2025-09-09 14:30:00+05:30,1370.2,1364.5,1378.75,1378.75,TARGET,1.5,0.62,34
ADANIPORTS,VWAP_RETEST,2025-09-09 12:00:00+05:30,2025-09-09 12:20:00+05:30,1371.3,1368.6,1375.35,1375.35,TARGET,1.5,0.3,4
ADANIPORTS,VWAP_BROAD_TEST,2025-09-10 11:05:00+05:30,2025-09-10 11:05:00+05:30,1395.6,1395.3,1396.05,1395.3,STOP,-1.0,-0.02,0
ADANIPORTS,VWAP_RETEST,2025-09-10 13:25:00+05:30,2025-09-10 13:35:00+05:30,1394.7,1393.2,1396.95,1393.2,STOP,-1.0,-0.11,2
COALINDIA,VWAP_BROAD_TEST,2025-09-01 11:25:00+05:30,2025-09-01 11:55:00+05:30,376.2,375.7,376.95,375.7,STOP,-1.0,-0.13,6
COALINDIA,VWAP_RETEST,2025-09-01 12:40:00+05:30,2025-09-01 12:40:00+05:30,376.2,375.85,376.72,375.85,STOP,-1.0,-0.09,0
COALINDIA,EMA_CROSS,2025-09-02 11:25:00+05:30,2025-09-02 12:00:00+05:30,383.35,382.7,384.33,384.33,TARGET,1.5,0.25,7
COALINDIA,VWAP_RETEST,2025-09-02 11:25:00+05:30,2025-09-02 11:25:00+05:30,383.35,382.85,384.1,382.85,STOP,-1.0,-0.13,0
COALINDIA,VWAP_BROAD_TEST,2025-09-03 11:05:00+05:30,2025-09-03 11:05:00+05:30,382.15,382.05,382.3,382.05,STOP,-1.0,-0.03,0
COALINDIA,VWAP_BROAD_TEST,2025-09-04 11:10:00+05:30,2025-09-04 11:10:00+05:30,389.25,389.0,389.62,389.0,STOP,-1.0,-0.06,0
COALINDIA,VWAP_RETEST,2025-09-04 14:20:00+05:30,2025-09-04 14:25:00+05:30,390.85,389.8,392.43,389.8,STOP,-1.0,-0.27,1
COALINDIA,EMA_CROSS,2025-09-04 14:35:00+05:30,2025-09-04 15:25:00+05:30,391.0,389.4,393.4,391.25,EOD_SQUAREOFF,0.16,0.06,10
COALINDIA,VWAP_BROAD_TEST,2025-09-05 11:05:00+05:30,2025-09-05 11:25:00+05:30,391.3,390.5,392.5,390.5,STOP,-1.0,-0.2,4
COALINDIA,VWAP_RETEST,2025-09-05 11:15:00+05:30,2025-09-05 11:15:00+05:30,391.25,391.15,391.4,391.15,STOP,-1.0,-0.03,0
COALINDIA,VWAP_BROAD_TEST,2025-09-09 11:05:00+05:30,2025-09-09 11:10:00+05:30,388.9,388.25,389.87,388.25,STOP,-1.0,-0.17,1
COALINDIA,VWAP_RETEST,2025-09-09 11:25:00+05:30,2025-09-09 11:25:00+05:30,388.0,387.8,388.3,388.3,TARGET,1.5,0.08,0
COALINDIA,VWAP_BROAD_TEST,2025-09-10 11:10:00+05:30,2025-09-10 11:10:00+05:30,391.05,391.0,391.12,391.0,STOP,-1.0,-0.01,0
COALINDIA,VWAP_RETEST,2025-09-10 11:15:00+05:30,2025-09-10 11:15:00+05:30,391.1,390.55,391.93,390.55,STOP,-1.0,-0.14,0
TATASTEEL,VWAP_BROAD_TEST,2025-09-01 11:05:00+05:30,2025-09-01 11:25:00+05:30,155.24,155.0,155.6,155.6,TARGET,1.5,0.23,4
TATASTEEL,VWAP_RETEST,2025-09-01 11:15:00+05:30,2025-09-01 11:15:00+05:30,155.21,155.09,155.39,155.39,TARGET,1.5,0.12,0
TATASTEEL,EMA_CROSS,2025-09-01 12:00:00+05:30,2025-09-01 14:35:00+05:30,155.45,155.06,156.03,156.03,TARGET,1.5,0.38,31
TATASTEEL,VWAP_BROAD_TEST,2025-09-02 11:05:00+05:30,2025-09-02 11:05:00+05:30,158.1,158.06,158.16,158.06,STOP,-1.0,-0.03,0
TATASTEEL,VWAP_RETEST,2025-09-02 14:35:00+05:30,2025-09-02 14:45:00+05:30,157.87,157.56,158.34,158.34,TARGET,1.5,0.29,2
TATASTEEL,VWAP_BROAD_TEST,2025-09-03 11:05:00+05:30,2025-09-03 11:05:00+05:30,163.69,163.37,164.17,164.17,TARGET,1.5,0.29,0
TATASTEEL,VWAP_BROAD_TEST,2025-09-04 11:05:00+05:30,2025-09-04 11:05:00+05:30,167.16,167.12,167.22,167.22,TARGET,1.5,0.04,0
TATASTEEL,VWAP_RETEST,2025-09-04 11:15:00+05:30,2025-09-04 11:35:00+05:30,167.46,167.2,167.85,167.2,STOP,-1.0,-0.16,4
TATASTEEL,VWAP_RETEST,2025-09-05 11:05:00+05:30,2025-09-05 11:15:00+05:30,166.82,166.65,167.08,166.65,STOP,-1.0,-0.1,2
TATASTEEL,VWAP_BROAD_TEST,2025-09-05 11:05:00+05:30,2025-09-05 11:15:00+05:30,166.82,166.65,167.08,166.65,STOP,-1.0,-0.1,2
TATASTEEL,VWAP_BROAD_TEST,2025-09-08 11:05:00+05:30,2025-09-08 11:20:00+05:30,171.41,171.01,172.01,171.01,STOP,-1.0,-0.23,3
TATASTEEL,VWAP_BROAD_TEST,2025-09-09 11:05:00+05:30,2025-09-09 11:15:00+05:30,168.47,168.26,168.79,168.79,TARGET,1.5,0.19,2
TATASTEEL,VWAP_RETEST,2025-09-09 12:35:00+05:30,2025-09-09 12:45:00+05:30,168.71,168.57,168.92,168.57,STOP,-1.0,-0.08,2
TATASTEEL,EMA_CROSS,2025-09-09 14:55:00+05:30,2025-09-09 15:20:00+05:30,168.91,168.46,169.58,169.58,TARGET,1.5,0.4,5
TATASTEEL,VWAP_RETEST,2025-09-10 11:05:00+05:30,2025-09-10 11:15:00+05:30,170.18,169.9,170.6,169.9,STOP,-1.0,-0.16,2
TATASTEEL,VWAP_BROAD_TEST,2025-09-10 11:05:00+05:30,2025-09-10 11:15:00+05:30,170.18,169.9,170.6,169.9,STOP,-1.0,-0.16,2
ONGC,VWAP_BROAD_TEST,2025-09-01 11:05:00+05:30,2025-09-01 11:05:00+05:30,235.6,235.56,235.66,235.56,STOP,-1.0,-0.02,0
ONGC,EMA_CROSS,2025-09-01 13:30:00+05:30,2025-09-01 13:45:00+05:30,236.0,235.4,236.9,236.9,TARGET,1.5,0.38,3
ONGC,VWAP_RETEST,2025-09-01 13:30:00+05:30,2025-09-01 13:45:00+05:30,236.0,235.4,236.9,236.9,TARGET,1.5,0.38,3
ONGC,VWAP_BROAD_TEST,2025-09-02 11:05:00+05:30,2025-09-02 11:05:00+05:30,242.13,242.1,242.18,242.1,STOP,-1.0,-0.01,0
ONGC,VWAP_RETEST,2025-09-02 13:05:00+05:30,2025-09-02 13:05:00+05:30,241.51,241.41,241.66,241.41,STOP,-1.0,-0.04,0
ONGC,VWAP_BROAD_TEST,2025-09-03 11:05:00+05:30,2025-09-03 11:05:00+05:30,240.64,240.42,240.97,240.42,STOP,-1.0,-0.09,0
ONGC,VWAP_BROAD_TEST,2025-09-04 11:05:00+05:30,2025-09-04 11:05:00+05:30,236.93,236.79,237.14,236.79,STOP,-1.0,-0.06,0
ONGC,VWAP_RETEST,2025-09-04 12:30:00+05:30,2025-09-04 12:30:00+05:30,237.07,236.91,237.31,236.91,STOP,-1.0,-0.07,0
ONGC,VWAP_BROAD_TEST,2025-09-05 11:10:00+05:30,2025-09-05 11:10:00+05:30,235.0,234.83,235.26,235.26,TARGET,1.5,0.11,0
ONGC,VWAP_RETEST,2025-09-05 13:45:00+05:30,2025-09-05 14:20:00+05:30,234.61,234.26,235.14,234.26,STOP,-1.0,-0.15,7
ONGC,EMA_CROSS,2025-09-08 12:40:00+05:30,2025-09-08 14:45:00+05:30,233.62,232.51,235.29,232.51,STOP,-1.0,-0.48,25
ONGC,VWAP_BROAD_TEST,2025-09-08 12:40:00+05:30,2025-09-08 14:40:00+05:30,233.62,232.62,235.12,232.62,STOP,-1.0,-0.43,24
ONGC,VWAP_RETEST,2025-09-08 12:55:00+05:30,2025-09-08 12:55:00+05:30,233.33,233.29,233.39,233.39,TARGET,1.5,0.03,0
ONGC,VWAP_BROAD_TEST,2025-09-09 11:05:00+05:30,2025-09-09 11:05:00+05:30,233.24,233.19,233.32,233.19,STOP,-1.0,-0.02,0
ONGC,EMA_CROSS,2025-09-10 12:15:00+05:30,2025-09-10 15:25:00+05:30,231.96,231.37,232.85,231.68,EOD_SQUAREOFF,-0.47,-0.12,38
ONGC,VWAP_BROAD_TEST,2025-09-10 12:15:00+05:30,2025-09-10 13:00:00+05:30,231.96,231.59,232.52,231.59,STOP,-1.0,-0.16,9
ONGC,VWAP_RETEST,2025-09-10 12:30:00+05:30,2025-09-10 12:30:00+05:30,231.97,231.88,232.1,231.88,STOP,-1.0,-0.04,0
NTPC,VWAP_BROAD_TEST,2025-09-01 11:05:00+05:30,2025-09-01 11:05:00+05:30,331.0,330.8,331.3,330.8,STOP,-1.0,-0.06,0
NTPC,EMA_CROSS,2025-09-01 11:15:00+05:30,2025-09-01 11:30:00+05:30,331.0,330.2,332.2,330.2,STOP,-1.0,-0.24,3
NTPC,VWAP_RETEST,2025-09-01 11:15:00+05:30,2025-09-01 11:30:00+05:30,331.0,330.2,332.2,330.2,STOP,-1.0,-0.24,3
NTPC,VWAP_RETEST,2025-09-02 13:00:00+05:30,2025-09-02 13:05:00+05:30,336.95,336.3,337.92,337.92,TARGET,1.5,0.29,1
NTPC,VWAP_BROAD_TEST,2025-09-03 11:10:00+05:30,2025-09-03 11:40:00+05:30,336.1,335.7,336.7,336.7,TARGET,1.5,0.18,6
NTPC,VWAP_RETEST,2025-09-03 11:35:00+05:30,2025-09-03 11:35:00+05:30,336.5,336.2,336.95,336.2,STOP,-1.0,-0.09,0
NTPC,VWAP_BROAD_TEST,2025-09-04 11:05:00+05:30,2025-09-04 11:05:00+05:30,333.7,333.55,333.92,333.55,STOP,-1.0,-0.04,0
NTPC,VWAP_RETEST,2025-09-04 11:15:00+05:30,2025-09-04 11:15:00+05:30,333.55,333.45,333.7,333.7,TARGET,1.5,0.04,0
NTPC,VWAP_BROAD_TEST,2025-09-05 11:05:00+05:30,2025-09-05 11:15:00+05:30,329.15,328.7,329.82,328.7,STOP,-1.0,-0.14,2
NTPC,VWAP_RETEST,2025-09-05 14:20:00+05:30,2025-09-05 15:00:00+05:30,328.9,328.3,329.8,328.3,STOP,-1.0,-0.18,8
NTPC,VWAP_BROAD_TEST,2025-09-08 12:45:00+05:30,2025-09-08 12:45:00+05:30,328.3,328.2,328.45,328.2,STOP,-1.0,-0.03,0
NTPC,EMA_CROSS,2025-09-09 11:05:00+05:30,2025-09-09 12:05:00+05:30,325.85,325.25,326.75,325.25,STOP,-1.0,-0.18,12
NTPC,VWAP_BROAD_TEST,2025-09-09 11:05:00+05:30,2025-09-09 12:05:00+05:30,325.85,325.25,326.75,325.25,STOP,-1.0,-0.18,12
NTPC,VWAP_RETEST,2025-09-09 11:55:00+05:30,2025-09-09 11:55:00+05:30,325.85,325.65,326.15,326.15,TARGET,1.5,0.09,0
NTPC,VWAP_RETEST,2025-09-10 11:05:00+05:30,2025-09-10 11:15:00+05:30,326.8,326.4,327.4,326.4,STOP,-1.0,-0.12,2
NTPC,VWAP_BROAD_TEST,2025-09-10 11:05:00+05:30,2025-09-10 11:15:00+05:30,326.8,326.4,327.4,326.4,STOP,-1.0,-0.12,2
NTPC,EMA_CROSS,2025-09-10 11:25:00+05:30,2025-09-10 12:10:00+05:30,326.45,325.5,327.88,327.88,TARGET,1.5,0.44,9
MRPL,VWAP_BROAD_TEST,2025-09-01 11:10:00+05:30,2025-09-01 11:20:00+05:30,123.88,123.7,124.15,124.15,TARGET,1.5,0.22,2
MRPL,VWAP_RETEST,2025-09-01 13:10:00+05:30,2025-09-01 14:00:00+05:30,124.7,124.36,125.21,124.36,STOP,-1.0,-0.27,10
MRPL,EMA_CROSS,2025-09-01 14:30:00+05:30,2025-09-01 15:25:00+05:30,126.0,124.27,128.6,125.9,EOD_SQUAREOFF,-0.06,-0.08,11
MRPL,VWAP_BROAD_TEST,2025-09-02 11:05:00+05:30,2025-09-02 11:05:00+05:30,127.35,127.31,127.41,127.31,STOP,-1.0,-0.03,0
MRPL,VWAP_BROAD_TEST,2025-09-03 11:25:00+05:30,2025-09-03 11:35:00+05:30,127.51,127.41,127.66,127.66,TARGET,1.5,0.12,2
MRPL,VWAP_BROAD_TEST,2025-09-05 11:05:00+05:30,2025-09-05 15:25:00+05:30,126.16,125.25,127.52,126.8,EOD_SQUAREOFF,0.7,0.51,52
MRPL,VWAP_RETEST,2025-09-05 13:35:00+05:30,2025-09-05 13:35:00+05:30,126.27,126.17,126.42,126.42,TARGET,1.5,0.12,0
MRPL,VWAP_BROAD_TEST,2025-09-08 11:30:00+05:30,2025-09-08 11:45:00+05:30,127.39,127.13,127.78,127.13,STOP,-1.0,-0.2,3
ENVIRO,VWAP_BROAD_TEST,2025-09-01 14:30:00+05:30,2025-09-01 15:15:00+05:30,145.1,145.0,145.25,145.25,TARGET,1.5,0.1,9
ENVIRO,VWAP_BROAD_TEST,2025-09-03 15:05:00+05:30,2025-09-03 15:25:00+05:30,146.0,143.4,149.9,146.0,EOD_SQUAREOFF,0.0,0.0,4
ENVIRO,VWAP_BROAD_TEST,2025-09-05 12:35:00+05:30,2025-09-05 13:15:00+05:30,149.0,148.35,149.98,148.35,STOP,-1.0,-0.44,8
ENVIRO,VWAP_BROAD_TEST,2025-09-09 13:05:00+05:30,2025-09-09 15:25:00+05:30,148.0,145.0,152.5,150.0,EOD_SQUAREOFF,0.67,1.35,28
ENVIRO,EMA_CROSS,2025-09-09 14:00:00+05:30,2025-09-09 15:25:00+05:30,149.0,148.0,150.5,150.0,EOD_SQUAREOFF,1.0,0.67,17
ENVIRO,VWAP_BROAD_TEST,2025-09-10 11:15:00+05:30,2025-09-10 11:25:00+05:30,154.0,153.7,154.45,154.45,TARGET,1.5,0.29,2
ENVIRO,VWAP_RETEST,2025-09-10 11:30:00+05:30,2025-09-10 14:05:00+05:30,157.0,154.0,161.5,161.5,TARGET,1.5,2.87,31
MAXHEALTH,VWAP_BROAD_TEST,2025-09-01 11:05:00+05:30,2025-09-01 11:05:00+05:30,1180.0,1179.6,1180.6,1179.6,STOP,-1.0,-0.03,0
MAXHEALTH,VWAP_RETEST,2025-09-01 12:20:00+05:30,2025-09-01 12:20:00+05:30,1178.4,1177.9,1179.15,1179.15,TARGET,1.5,0.06,0
MAXHEALTH,VWAP_BROAD_TEST,2025-09-02 14:40:00+05:30,2025-09-02 14:45:00+05:30,1163.0,1162.1,1164.35,1162.1,STOP,-1.0,-0.08,1
MAXHEALTH,VWAP_BROAD_TEST,2025-09-03 12:00:00+05:30,2025-09-03 13:00:00+05:30,1156.7,1152.8,1162.55,1152.8,STOP,-1.0,-0.34,12
MAXHEALTH,VWAP_RETEST,2025-09-03 12:20:00+05:30,2025-09-03 12:20:00+05:30,1156.2,1155.2,1157.7,1157.7,TARGET,1.5,0.13,0
MAXHEALTH,VWAP_BROAD_TEST,2025-09-04 11:05:00+05:30,2025-09-04 11:10:00+05:30,1170.4,1168.5,1173.25,1168.5,STOP,-1.0,-0.16,1
MAXHEALTH,VWAP_RETEST,2025-09-05 11:05:00+05:30,2025-09-05 11:05:00+05:30,1166.7,1165.2,1168.95,1165.2,STOP,-1.0,-0.13,0
MAXHEALTH,VWAP_BROAD_TEST,2025-09-05 11:05:00+05:30,2025-09-05 11:05:00+05:30,1166.7,1165.2,1168.95,1165.2,STOP,-1.0,-0.13,0
MAXHEALTH,EMA_CROSS,2025-09-05 13:20:00+05:30,2025-09-05 15:25:00+05:30,1165.3,1161.2,1171.45,1171.45,TARGET,1.5,0.53,25
MAXHEALTH,VWAP_BROAD_TEST,2025-09-08 11:05:00+05:30,2025-09-08 11:05:00+05:30,1166.5,1166.3,1166.8,1166.8,TARGET,1.5,0.03,0
MAXHEALTH,VWAP_RETEST,2025-09-08 11:30:00+05:30,2025-09-08 11:55:00+05:30,1168.0,1165.9,1171.15,1165.9,STOP,-1.0,-0.18,5
MAXHEALTH,VWAP_BROAD_TEST,2025-09-09 11:05:00+05:30,2025-09-09 11:05:00+05:30,1146.5,1146.4,1146.65,1146.65,TARGET,1.5,0.01,0
MAXHEALTH,VWAP_RETEST,2025-09-09 11:55:00+05:30,2025-09-09 11:55:00+05:30,1146.0,1145.0,1147.5,1147.5,TARGET,1.5,0.13,0
MAXHEALTH,VWAP_BROAD_TEST,2025-09-10 11:10:00+05:30,2025-09-10 11:10:00+05:30,1168.3,1167.2,1169.95,1167.2,STOP,-1.0,-0.09,0
MAXHEALTH,VWAP_RETEST,2025-09-10 13:25:00+05:30,2025-09-10 13:40:00+05:30,1168.9,1167.2,1171.45,1171.45,TARGET,1.5,0.22,3
LTF,VWAP_BROAD_TEST,2025-09-01 11:05:00+05:30,2025-09-01 11:15:00+05:30,222.07,221.6,222.77,222.77,TARGET,1.5,0.32,2
LTF,EMA_CROSS,2025-09-01 15:20:00+05:30,2025-09-01 15:25:00+05:30,222.84,222.36,223.56,222.36,STOP,-1.0,-0.22,1
LTF,VWAP_BROAD_TEST,2025-09-02 11:40:00+05:30,2025-09-02 13:55:00+05:30,222.12,221.0,223.8,221.0,STOP,-1.0,-0.5,27
LTF,VWAP_RETEST,2025-09-02 11:55:00+05:30,2025-09-02 11:55:00+05:30,222.42,222.08,222.93,222.08,STOP,-1.0,-0.15,0
LTF,VWAP_BROAD_TEST,2025-09-03 11:05:00+05:30,2025-09-03 11:10:00+05:30,225.07,224.8,225.47,224.8,STOP,-1.0,-0.12,1
LTF,VWAP_BROAD_TEST,2025-09-04 11:05:00+05:30,2025-09-04 11:05:00+05:30,227.88,227.75,228.08,227.75,STOP,-1.0,-0.06,0
LTF,VWAP_RETEST,2025-09-04 11:15:00+05:30,2025-09-04 11:15:00+05:30,227.72,227.66,227.81,227.66,STOP,-1.0,-0.03,0
LTF,VWAP_BROAD_TEST,2025-09-05 11:05:00+05:30,2025-09-05 11:15:00+05:30,231.55,231.25,232.0,231.25,STOP,-1.0,-0.13,2
LTF,VWAP_RETEST,2025-09-08 11:05:00+05:30,2025-09-08 11:05:00+05:30,233.55,233.43,233.73,233.73,TARGET,1.5,0.08,0
LTF,VWAP_BROAD_TEST,2025-09-08 11:05:00+05:30,2025-09-08 11:05:00+05:30,233.55,233.43,233.73,233.73,TARGET,1.5,0.08,0
LTF,VWAP_BROAD_TEST,2025-09-09 11:05:00+05:30,2025-09-09 11:05:00+05:30,233.84,233.65,234.12,233.65,STOP,-1.0,-0.08,0
LTF,VWAP_RETEST,2025-09-09 11:20:00+05:30,2025-09-09 11:35:00+05:30,233.76,233.53,234.1,234.1,TARGET,1.5,0.15,3
LTF,EMA_CROSS,2025-09-09 15:20:00+05:30,2025-09-09 15:25:00+05:30,234.19,233.74,234.86,233.74,STOP,-1.0,-0.19,1
LTF,VWAP_BROAD_TEST,2025-09-10 11:05:00+05:30,2025-09-10 11:15:00+05:30,233.55,233.2,234.08,233.2,STOP,-1.0,-0.15,2
LTF,VWAP_RETEST,2025-09-10 12:55:00+05:30,2025-09-10 12:55:00+05:30,233.41,233.22,233.7,233.22,STOP,-1.0,-0.08,0
LT,VWAP_BROAD_TEST,2025-09-01 11:40:00+05:30,2025-09-01 11:50:00+05:30,3598.9,3592.1,3609.1,3592.1,STOP,-1.0,-0.19,2
LT,VWAP_RETEST,2025-09-01 13:30:00+05:30,2025-09-01 13:35:00+05:30,3603.0,3600.0,3607.5,3607.5,TARGET,1.5,0.12,1
LT,VWAP_BROAD_TEST,2025-09-02 11:05:00+05:30,2025-09-02 11:05:00+05:30,3608.0,3607.3,3609.05,3609.05,TARGET,1.5,0.03,0
LT,VWAP_RETEST,2025-09-02 11:10:00+05:30,2025-09-02 11:10:00+05:30,3610.5,3607.5,3615.0,3607.5,STOP,-1.0,-0.08,0
LT,VWAP_RETEST,2025-09-03 11:05:00+05:30,2025-09-03 11:10:00+05:30,3583.9,3577.0,3594.25,3577.0,STOP,-1.0,-0.19,1
LT,VWAP_BROAD_TEST,2025-09-03 11:05:00+05:30,2025-09-03 11:10:00+05:30,3583.9,3577.0,3594.25,3577.0,STOP,-1.0,-0.19,1
LT,VWAP_BROAD_TEST,2025-09-04 11:15:00+05:30,2025-09-04 11:30:00+05:30,3603.0,3598.9,3609.15,3609.15,TARGET,1.5,0.17,3
LT,VWAP_BROAD_TEST,2025-09-08 12:00:00+05:30,2025-09-08 12:25:00+05:30,3553.0,3548.1,3560.35,3548.1,STOP,-1.0,-0.14,5
LT,VWAP_BROAD_TEST,2025-09-09 11:10:00+05:30,2025-09-09 11:10:00+05:30,3536.9,3534.2,3540.95,3534.2,STOP,-1.0,-0.08,0
LT,VWAP_BROAD_TEST,2025-09-10 15:15:00+05:30,2025-09-10 15:25:00+05:30,3551.0,3545.3,3559.55,3556.0,EOD_SQUAREOFF,0.88,0.14,2
BAJAJFINSV,VWAP_BROAD_TEST,2025-09-01 11:05:00+05:30,2025-09-01 11:10:00+05:30,1934.7,1933.4,1936.65,1936.65,TARGET,1.5,0.1,1
BAJAJFINSV,VWAP_RETEST,2025-09-01 14:25:00+05:30,2025-09-01 15:10:00+05:30,1939.1,1936.0,1943.75,1943.75,TARGET,1.5,0.24,9
BAJAJFINSV,VWAP_RETEST,2025-09-02 11:10:00+05:30,2025-09-02 11:15:00+05:30,1952.9,1950.2,1956.95,1950.2,STOP,-1.0,-0.14,1
BAJAJFINSV,EMA_CROSS,2025-09-02 11:50:00+05:30,2025-09-02 12:30:00+05:30,1951.1,1948.1,1955.6,1955.6,TARGET,1.5,0.23,8
BAJAJFINSV,VWAP_BROAD_TEST,2025-09-03 11:05:00+05:30,2025-09-03 11:05:00+05:30,1960.4,1960.1,1960.85,1960.1,STOP,-1.0,-0.02,0
BAJAJFINSV,VWAP_RETEST,2025-09-03 11:10:00+05:30,2025-09-03 11:15:00+05:30,1961.7,1959.1,1965.6,1959.1,STOP,-1.0,-0.13,1
BAJAJFINSV,VWAP_BROAD_TEST,2025-09-04 11:05:00+05:30,2025-09-04 11:05:00+05:30,2020.6,2018.6,2023.6,2018.6,STOP,-1.0,-0.1,0
BAJAJFINSV,EMA_CROSS,2025-09-04 11:55:00+05:30,2025-09-04 12:20:00+05:30,2015.4,2008.2,2026.2,2008.2,STOP,-1.0,-0.36,5
BAJAJFINSV,VWAP_RETEST,2025-09-04 12:50:00+05:30,2025-09-04 12:55:00+05:30,2019.0,2014.9,2025.15,2025.15,TARGET,1.5,0.3,1
BAJAJFINSV,VWAP_BROAD_TEST,2025-09-05 11:05:00+05:30,2025-09-05 11:05:00+05:30,2013.5,2010.8,2017.55,2010.8,STOP,-1.0,-0.13,0
BAJAJFINSV,VWAP_RETEST,2025-09-05 11:40:00+05:30,2025-09-05 11:40:00+05:30,2013.0,2011.8,2014.8,2011.8,STOP,-1.0,-0.06,0
BAJAJFINSV,EMA_CROSS,2025-09-05 15:10:00+05:30,2025-09-05 15:25:00+05:30,2015.9,2012.3,2021.3,2015.0,EOD_SQUAREOFF,-0.25,-0.04,3
BAJAJFINSV,VWAP_BROAD_TEST,2025-09-08 11:05:00+05:30,2025-09-08 11:05:00+05:30,2016.6,2016.0,2017.5,2016.0,STOP,-1.0,-0.03,0
BAJAJFINSV,VWAP_RETEST,2025-09-08 11:10:00+05:30,2025-09-08 11:25:00+05:30,2018.6,2016.0,2022.5,2022.5,TARGET,1.5,0.19,3
BAJAJFINSV,VWAP_BROAD_TEST,2025-09-09 11:05:00+05:30,2025-09-09 11:20:00+05:30,2027.4,2024.1,2032.35,2024.1,STOP,-1.0,-0.16,3
BAJAJFINSV,VWAP_RETEST,2025-09-09 13:05:00+05:30,2025-09-09 13:15:00+05:30,2028.5,2027.4,2030.15,2027.4,STOP,-1.0,-0.05,2
BAJAJFINSV,VWAP_RETEST,2025-09-10 11:05:00+05:30,2025-09-10 11:05:00+05:30,2038.7,2038.2,2039.45,2038.2,STOP,-1.0,-0.02,0
BAJAJFINSV,VWAP_BROAD_TEST,2025-09-10 11:05:00+05:30,2025-09-10 11:05:00+05:30,2038.7,2038.2,2039.45,2038.2,STOP,-1.0,-0.02,0
BAJAJFINSV,EMA_CROSS,2025-09-10 15:05:00+05:30,2025-09-10 15:25:00+05:30,2038.3,2033.3,2045.8,2038.0,EOD_SQUAREOFF,-0.06,-0.01,4
TITAN,VWAP_BROAD_TEST,2025-09-01 11:05:00+05:30,2025-09-01 11:15:00+05:30,3636.2,3633.7,3639.95,3633.7,STOP,-1.0,-0.07,2
TITAN,VWAP_BROAD_TEST,2025-09-02 11:05:00+05:30,2025-09-02 11:05:00+05:30,3642.5,3641.5,3644.0,3641.5,STOP,-1.0,-0.03,0
TITAN,VWAP_RETEST,2025-09-02 12:00:00+05:30,2025-09-02 12:20:00+05:30,3637.3,3633.0,3643.75,3633.0,STOP,-1.0,-0.12,4
TITAN,VWAP_BROAD_TEST,2025-09-03 11:05:00+05:30,2025-09-03 11:05:00+05:30,3650.0,3647.8,3653.3,3647.8,STOP,-1.0,-0.06,0
TITAN,VWAP_RETEST,2025-09-04 11:05:00+05:30,2025-09-04 11:10:00+05:30,3705.5,3703.6,3708.35,3703.6,STOP,-1.0,-0.05,1
TITAN,VWAP_BROAD_TEST,2025-09-04 11:05:00+05:30,2025-09-04 11:10:00+05:30,3705.5,3703.6,3708.35,3703.6,STOP,-1.0,-0.05,1
TITAN,EMA_CROSS,2025-09-04 11:30:00+05:30,2025-09-04 11:35:00+05:30,3704.6,3700.0,3711.5,3700.0,STOP,-1.0,-0.12,1
TITAN,VWAP_BROAD_TEST,2025-09-05 11:05:00+05:30,2025-09-05 11:05:00+05:30,3695.0,3693.4,3697.4,3693.4,STOP,-1.0,-0.04,0
TITAN,VWAP_BROAD_TEST,2025-09-08 11:05:00+05:30,2025-09-08 11:05:00+05:30,3677.8,3673.3,3684.55,3673.3,STOP,-1.0,-0.12,0
TITAN,VWAP_RETEST,2025-09-08 11:50:00+05:30,2025-09-08 11:50:00+05:30,3667.2,3662.0,3675.0,3662.0,STOP,-1.0,-0.14,0
TITAN,VWAP_BROAD_TEST,2025-09-09 11:30:00+05:30,2025-09-09 11:30:00+05:30,3631.5,3628.6,3635.85,3628.6,STOP,-1.0,-0.08,0
TITAN,EMA_CROSS,2025-09-09 14:30:00+05:30,2025-09-09 14:55:00+05:30,3633.7,3624.8,3647.05,3624.8,STOP,-1.0,-0.24,5
TITAN,VWAP_BROAD_TEST,2025-09-10 11:05:00+05:30,2025-09-10 11:15:00+05:30,3621.5,3618.8,3625.55,3618.8,STOP,-1.0,-0.07,2
TITAN,VWAP_RETEST,2025-09-10 11:55:00+05:30,2025-09-10 12:20:00+05:30,3629.2,3624.1,3636.85,3624.1,STOP,-1.0,-0.14,5
IRB,EMA_CROSS,2025-09-01 11:55:00+05:30,2025-09-01 15:05:00+05:30,21.54,21.42,21.72,21.72,TARGET,1.5,0.84,38
IRB,VWAP_BROAD_TEST,2025-09-01 11:55:00+05:30,2025-09-01 15:05:00+05:30,21.54,21.42,21.72,21.72,TARGET,1.5,0.84,38
IRB,VWAP_RETEST,2025-09-01 12:25:00+05:30,2025-09-01 13:45:00+05:30,21.55,21.5,21.62,21.5,STOP,-1.0,-0.23,16
IRB,VWAP_BROAD_TEST,2025-09-02 11:05:00+05:30,2025-09-02 11:05:00+05:30,21.76,21.75,21.78,21.75,STOP,-1.0,-0.05,0
IRB,VWAP_BROAD_TEST,2025-09-03 12:25:00+05:30,2025-09-03 12:25:00+05:30,21.48,21.44,21.54,21.44,STOP,-1.0,-0.19,0
IRB,VWAP_RETEST,2025-09-03 13:45:00+05:30,2025-09-03 14:00:00+05:30,21.47,21.44,21.51,21.51,TARGET,1.5,0.21,3
IRB,VWAP_BROAD_TEST,2025-09-04 11:50:00+05:30,2025-09-04 11:50:00+05:30,21.53,21.51,21.56,21.51,STOP,-1.0,-0.09,0
IRB,VWAP_BROAD_TEST,2025-09-05 14:05:00+05:30,2025-09-05 14:05:00+05:30,21.23,21.21,21.26,21.21,STOP,-1.0,-0.09,0
IRB,VWAP_BROAD_TEST,2025-09-08 12:40:00+05:30,2025-09-08 12:45:00+05:30,21.24,21.18,21.33,21.18,STOP,-1.0,-0.28,1
IRB,VWAP_BROAD_TEST,2025-09-10 11:05:00+05:30,2025-09-10 11:10:00+05:30,21.3,21.28,21.33,21.28,STOP,-1.0,-0.09,1
DLF,VWAP_BROAD_TEST,2025-09-01 11:05:00+05:30,2025-09-01 11:05:00+05:30,743.45,742.65,744.65,742.65,STOP,-1.0,-0.11,0
DLF,VWAP_RETEST,2025-09-01 12:05:00+05:30,2025-09-01 15:00:00+05:30,743.5,741.1,747.1,747.1,TARGET,1.5,0.48,35
DLF,VWAP_BROAD_TEST,2025-09-02 11:05:00+05:30,2025-09-02 11:05:00+05:30,761.6,761.2,762.2,761.2,STOP,-1.0,-0.05,0
DLF,VWAP_BROAD_TEST,2025-09-03 11:05:00+05:30,2025-09-03 11:05:00+05:30,760.65,760.4,761.02,760.4,STOP,-1.0,-0.03,0
DLF,VWAP_RETEST,2025-09-03 11:10:00+05:30,2025-09-03 11:40:00+05:30,760.9,759.7,762.7,762.7,TARGET,1.5,0.24,6
DLF,VWAP_BROAD_TEST,2025-09-08 11:10:00+05:30,2025-09-08 11:10:00+05:30,758.45,756.95,760.7,760.7,TARGET,1.5,0.3,0
DLF,VWAP_RETEST,2025-09-08 11:40:00+05:30,2025-09-08 11:55:00+05:30,760.2,759.4,761.4,759.4,STOP,-1.0,-0.11,3
DLF,VWAP_BROAD_TEST,2025-09-09 11:05:00+05:30,2025-09-09 11:15:00+05:30,753.4,752.6,754.6,752.6,STOP,-1.0,-0.11,2
DLF,VWAP_BROAD_TEST,2025-09-10 11:05:00+05:30,2025-09-10 11:05:00+05:30,755.6,754.55,757.18,757.18,TARGET,1.5,0.21,0
DLF,VWAP_RETEST,2025-09-10 11:25:00+05:30,2025-09-10 11:35:00+05:30,756.6,755.1,758.85,758.85,TARGET,1.5,0.3,2
UNIONBANK,VWAP_BROAD_TEST,2025-09-01 11:05:00+05:30,2025-09-01 11:05:00+05:30,127.3,127.24,127.39,127.24,STOP,-1.0,-0.05,0
UNIONBANK,EMA_CROSS,2025-09-01 14:45:00+05:30,2025-09-01 15:20:00+05:30,127.98,127.79,128.26,128.26,TARGET,1.5,0.22,7
UNIONBANK,VWAP_BROAD_TEST,2025-09-02 11:10:00+05:30,2025-09-02 11:20:00+05:30,128.95,128.8,129.17,128.8,STOP,-1.0,-0.12,2
UNIONBANK,VWAP_RETEST,2025-09-02 12:25:00+05:30,2025-09-02 12:45:00+05:30,128.88,128.65,129.22,128.65,STOP,-1.0,-0.18,4
UNIONBANK,VWAP_BROAD_TEST,2025-09-03 11:05:00+05:30,2025-09-03 11:15:00+05:30,128.54,128.35,128.82,128.35,STOP,-1.0,-0.15,2
UNIONBANK,VWAP_RETEST,2025-09-03 11:15:00+05:30,2025-09-03 11:15:00+05:30,128.57,128.52,128.64,128.52,STOP,-1.0,-0.04,0
UNIONBANK,VWAP_BROAD_TEST,2025-09-05 13:35:00+05:30,2025-09-05 15:25:00+05:30,126.85,126.26,127.73,127.73,TARGET,1.5,0.7,22
UNIONBANK,VWAP_RETEST,2025-09-05 13:55:00+05:30,2025-09-05 14:00:00+05:30,126.91,126.57,127.42,126.57,STOP,-1.0,-0.27,1
UNIONBANK,VWAP_RETEST,2025-09-08 11:05:00+05:30,2025-09-08 11:10:00+05:30,128.19,128.05,128.4,128.4,TARGET,1.5,0.16,1
UNIONBANK,VWAP_BROAD_TEST,2025-09-08 11:05:00+05:30,2025-09-08 11:10:00+05:30,128.19,128.05,128.4,128.4,TARGET,1.5,0.16,1
UNIONBANK,VWAP_BROAD_TEST,2025-09-09 11:20:00+05:30,2025-09-09 11:20:00+05:30,128.11,127.52,129.0,127.52,STOP,-1.0,-0.46,0
UNIONBANK,VWAP_BROAD_TEST,2025-09-10 11:05:00+05:30,2025-09-10 11:10:00+05:30,132.34,132.05,132.77,132.05,STOP,-1.0,-0.22,1
UNIONBANK,VWAP_RETEST,2025-09-10 12:50:00+05:30,2025-09-10 13:05:00+05:30,131.75,131.48,132.16,132.16,TARGET,1.5,0.31,3
HINDZINC,VWAP_BROAD_TEST,2025-09-01 11:05:00+05:30,2025-09-01 11:05:00+05:30,438.4,437.85,439.22,437.85,STOP,-1.0,-0.13,0
HINDZINC,VWAP_RETEST,2025-09-01 11:25:00+05:30,2025-09-01 11:30:00+05:30,437.0,435.9,438.65,438.65,TARGET,1.5,0.38,1
HINDZINC,VWAP_RETEST,2025-09-02 11:10:00+05:30,2025-09-02 11:15:00+05:30,440.85,440.5,441.38,441.38,TARGET,1.5,0.12,1
HINDZINC,EMA_CROSS,2025-09-02 14:50:00+05:30,2025-09-02 15:25:00+05:30,441.5,439.85,443.98,440.15,EOD_SQUAREOFF,-0.82,-0.31,7
HINDZINC,VWAP_BROAD_TEST,2025-09-03 12:25:00+05:30,2025-09-03 12:25:00+05:30,445.1,444.2,446.45,444.2,STOP,-1.0,-0.2,0
HINDZINC,VWAP_BROAD_TEST,2025-09-04 11:10:00+05:30,2025-09-04 11:10:00+05:30,440.3,440.25,440.38,440.25,STOP,-1.0,-0.01,0
HINDZINC,VWAP_RETEST,2025-09-04 11:30:00+05:30,2025-09-04 12:15:00+05:30,440.5,439.55,441.92,439.55,STOP,-1.0,-0.22,9
HINDZINC,VWAP_BROAD_TEST,2025-09-05 13:35:00+05:30,2025-09-05 13:50:00+05:30,436.55,435.7,437.83,437.83,TARGET,1.5,0.29,3
HINDZINC,VWAP_BROAD_TEST,2025-09-08 12:05:00+05:30,2025-09-08 13:35:00+05:30,439.9,438.5,442.0,438.5,STOP,-1.0,-0.32,18
HINDZINC,VWAP_BROAD_TEST,2025-09-09 15:10:00+05:30,2025-09-09 15:10:00+05:30,433.5,433.1,434.1,433.1,STOP,-1.0,-0.09,0
HINDZINC,VWAP_BROAD_TEST,2025-09-10 11:05:00+05:30,2025-09-10 11:10:00+05:30,435.5,434.9,436.4,434.9,STOP,-1.0,-0.14,1
